{
  "pizzas": [
    {
      "name": "Margherita",
      "ingredients": [
        "Tomaten",
        "Mozzarella",
        "Oregano"
      ],
      "price": 12.90
    },
    {
      "name": "Prosciutto et Funghi",
      "ingredients": [
        "Tomate",
        "Mozzarella",
        "Oregano",
        "Schinken",
        "Pilze"
      ],
      "price": 14.00
    },
    {
      "name": "Napoli",
      "ingredients": [
        "Tomaten",
        "Mozzarella",
        "Sardellen",
        "Kapern",
        "Oregano"
      ],
      "price": 18.00
    }
  ],
  "ingredients": [
    {
      "name": "Salami",
      "price": 1.70
    },
    {
      "name": "Schinken",
      "price": 1.20
    },
    {
      "name": "Mozzarella",
      "price": 1.50
    },
    {
      "name": "Artischocken",
      "price": 1.80
    },
    {
      "name": "Ananas",
      "price": 1.40
    },
    {
      "name": "Kapern",
      "price": 1.00
    },
    {
      "name": "Sardellen",
      "price": 3.50
    },
    {
      "name": "Büffelmozzarella",
      "price": 2.10
    },
    {
      "name": "Cherry-Tomaten",
      "price": 1.60
    },
    {
      "name": "Gruyère",
      "price": 0.80
    },
    {
      "name": "Rucola",
      "price": 2.50
    }
  ]
}